<?xml version="1.0" ?>
<odoo>

    <data noupdate="0">

        <record forcecreate="True" id="ir_cron_oracle_db_sync" model="ir.cron">
            <field name="name">Oracle Sync</field>
            <field eval="True" name="active"/>
            <field name="user_id" ref="base.user_root"/>
            <field name="interval_number">1</field>
            <field name="interval_type">days</field>
            <field name="numbercall">-1</field>
            <field eval="False" name="doall"/>
            <field name="model_id" ref="invoice_split_custom.model_split_initial_invoice"/>
            <field name="state">code</field>
            <field name="code">
                model.sync_oracle_db()
            </field>
        </record>

    </data>
</odoo>