id,name,model_id:id,group_id:id,perm_read,perm_write,perm_create,perm_unlink
base_synchro_server,base.synchro.server,model_base_synchro_server,base.group_system,1,1,1,1
 base_synchro_obj, base.synchro.obj,model_base_synchro_obj,base.group_system,1,1,1,1
base_synchro_obj_avoid,base.synchro.obj.avoid,model_base_synchro_obj_avoid,base.group_system,1,1,1,1
base_synchro_obj_line,base.synchro.obj.line,model_base_synchro_obj_line,base.group_system,1,1,1,1
base_synchro_res_request,synchro.res.request,model_res_request,base.group_system,1,1,1,1
