id,name,model_id:id,group_id:id,perm_read,perm_write,perm_create,perm_unlink
access_split_initial_invoice,split.initial.invoice.use,model_split_initial_invoice,base.group_user,1,1,1,1
access_split_initial_invoice_line,split.initial.invoice.line.user,model_split_initial_invoice_line,base.group_user,1,1,1,1
access_invoice_split,invoice.split.user,model_invoice_split,base.group_user,1,1,1,1
access_report_invoice_split_custom_report_invoice_split_custom,report.invoice_split_custom.report_invoice_split_custom.user,model_report_invoice_split_custom_report_invoice_split_custom,base.group_user,1,1,1,1
access_supporting_manufacturer_line,invoice.supporting.manufacturer.line,model_supporting_manufacturer_line,base.group_user,1,1,1,1
access_invoice_summary_line,invoice.invoice.summary.line,model_invoice_summary_line,base.group_user,1,1,1,1
