<?xml version="1.0" encoding="utf-8"?>
<odoo>
    <record id="new_account_report_general_ledger_view" model="ir.ui.view">
        <field name="name">General Ledger</field>
        <field name="model">account.report.general.ledger</field>
        <field name="inherit_id" ref="account.account_common_report_view"/>
        <field name="arch" type="xml">
        <data>
          <xpath expr="//button[@name='check_report']" position="after" >
                 <button string="Generate XLSX" type="action"
                        name="generate_xlsx_report"/>
          </xpath>
        </data>
        </field>
    </record>
</odoo>