<?xml version="1.0" ?>
<odoo>

    <data noupdate="True">
         <record id="res_partner_main_est_ventor" model="res.partner">
        <field name="name">EASTERN CONDIMENTS PVT LTD</field>
        <field name="email">estern@com</field>
<!--        <field name="is_company">1</field>-->
<!--        <field name="city">Pudahuel</field>-->
<!--        <field name="country_id" ref="base.cl"/>-->
<!--        <field name="street">Puerto Madero 9710</field>-->
<!--        <field name="street2">Of A15, Santiago (RM)</field>-->
<!--        <field name="phone">+562 2840 5918</field>-->
<!--        <field name="website">http://www.teksa.cl</field>-->
<!--        <field name='l10n_latam_identification_type_id' ref="it_RUT"/>-->
<!--        <field name='l10n_cl_sii_taxpayer_type'>1</field>-->
<!--        <field name='vat'>76882486-K</field>-->

    </record>

    </data>
</odoo>